{
  "schema_version": "1.1.0",
  "built_at": "2026-05-02T11:58:33.618095",
  "gate_validation_passed": true,
  "bnn_sleeve_recommended": true,
  "val_metrics": {
    "h1_mae_f": 2.284681010664555,
    "h1_rmse_f": 3.098423589687885,
    "h3_mae_f": 3.2883687638399897,
    "h3_rmse_f": 4.342593344086122,
    "h5_mae_f": 3.4701009817290727,
    "h5_rmse_f": 4.6494612711482475
  },
  "test_metrics": {
    "h1_mae_f": 2.5454589230081313,
    "h1_rmse_f": 3.4094147923160496,
    "h3_mae_f": 4.113801248208925,
    "h3_rmse_f": 5.556336386441378,
    "h5_mae_f": 4.53655784004613,
    "h5_rmse_f": 6.152051391524403
  },
  "val_heat_event_diagnostics": {
    "h1": {
      "threshold_f": 85.0,
      "n_true_heat_days": 6,
      "predicted_heat_hits": 3,
      "hit_rate": 0.5,
      "heat_mae_f": 4.241463724772134,
      "heat_bias_f": -4.241463724772134,
      "max_true_f": 93.8,
      "max_pred_f": 87.4836196899414
    },
    "h3": {
      "threshold_f": 85.0,
      "n_true_heat_days": 6,
      "predicted_heat_hits": 0,
      "hit_rate": 0.0,
      "heat_mae_f": 10.221243286132811,
      "heat_bias_f": -10.221243286132811,
      "max_true_f": 93.8,
      "max_pred_f": 84.71630096435547
    },
    "h5": {
      "threshold_f": 85.0,
      "n_true_heat_days": 6,
      "predicted_heat_hits": 0,
      "hit_rate": 0.0,
      "heat_mae_f": 13.090814971923827,
      "heat_bias_f": -13.090814971923827,
      "max_true_f": 93.8,
      "max_pred_f": 78.93978118896484
    }
  },
  "test_heat_event_diagnostics": {
    "h1": {
      "threshold_f": 85.0,
      "n_true_heat_days": 5,
      "predicted_heat_hits": 0,
      "hit_rate": 0.0,
      "heat_mae_f": 9.557613830566405,
      "heat_bias_f": -9.557613830566405,
      "max_true_f": 89.4,
      "max_pred_f": 82.69296264648438
    },
    "h3": {
      "threshold_f": 85.0,
      "n_true_heat_days": 5,
      "predicted_heat_hits": 0,
      "hit_rate": 0.0,
      "heat_mae_f": 16.76880157470703,
      "heat_bias_f": -16.76880157470703,
      "max_true_f": 89.4,
      "max_pred_f": 78.90608215332031
    },
    "h5": {
      "threshold_f": 85.0,
      "n_true_heat_days": 5,
      "predicted_heat_hits": 0,
      "hit_rate": 0.0,
      "heat_mae_f": 18.892600708007812,
      "heat_bias_f": -18.892600708007812,
      "max_true_f": 89.4,
      "max_pred_f": 77.8844223022461
    }
  },
  "persistence_baseline_mae": {
    "h1": 3.659649122807018,
    "h3": 4.17171052631579,
    "h5": 4.476315789473684
  },
  "xgb_live_predictions": {
    "h1": 67.53126525878906,
    "h3": 65.39958953857422,
    "h5": 65.88258361816406
  },
  "canonical_forecast": {
    "h1": 67.26531829833985,
    "h3": 66.30822296142577,
    "h5": 66.51803283691406
  },
  "forecast_source": "blend",
  "forecast_reason": "H1:blend(xgb=67.5,lstm=67.1) | H3:blend(xgb=65.4,lstm=66.9) | H5:blend(xgb=65.9,lstm=66.9)",
  "feature_importances": {
    "h1": [
      {
        "feature": "temp_high_f",
        "importance": 0.20558753609657288
      },
      {
        "feature": "temp_high_f_roll14_min",
        "importance": 0.14460402727127075
      },
      {
        "feature": "feels_like_max_f",
        "importance": 0.107719287276268
      },
      {
        "feature": "temp_mean_f",
        "importance": 0.08321807533502579
      },
      {
        "feature": "month_sin",
        "importance": 0.01972908526659012
      },
      {
        "feature": "et0_in",
        "importance": 0.014822754077613354
      },
      {
        "feature": "season",
        "importance": 0.011866570450365543
      },
      {
        "feature": "precip_in",
        "importance": 0.007873193360865116
      },
      {
        "feature": "temp_high_f_roll30_min",
        "importance": 0.0077892509289085865
      },
      {
        "feature": "temp_high_f_roll7_min",
        "importance": 0.007513782940804958
      },
      {
        "feature": "dew_depression_f",
        "importance": 0.0073525793850421906
      },
      {
        "feature": "cloud_cover_mean_pct",
        "importance": 0.006628199014812708
      },
      {
        "feature": "temp_anomaly_vs_30d",
        "importance": 0.005933688022196293
      },
      {
        "feature": "pressure_max_hpa",
        "importance": 0.005650340113788843
      },
      {
        "feature": "temp_high_f_roll3_mean",
        "importance": 0.005588813219219446
      },
      {
        "feature": "dew_depression_lag1",
        "importance": 0.005305783823132515
      },
      {
        "feature": "wind_cos_lag2",
        "importance": 0.005091794766485691
      },
      {
        "feature": "wind_sin_lag1",
        "importance": 0.0049507394433021545
      },
      {
        "feature": "temp_high_f_roll3_max",
        "importance": 0.004930887371301651
      },
      {
        "feature": "pressure_min_hpa",
        "importance": 0.004860087763518095
      }
    ],
    "h3": [
      {
        "feature": "temp_high_f_roll30_min",
        "importance": 0.17058269679546356
      },
      {
        "feature": "alpha_days_from_peak",
        "importance": 0.12501487135887146
      },
      {
        "feature": "season",
        "importance": 0.1065421774983406
      },
      {
        "feature": "temp_high_f_roll14_min",
        "importance": 0.09533021599054337
      },
      {
        "feature": "temp_mean_f",
        "importance": 0.03263457491993904
      },
      {
        "feature": "month_sin",
        "importance": 0.02892124280333519
      },
      {
        "feature": "temp_high_f",
        "importance": 0.01669151894748211
      },
      {
        "feature": "temp_low_f_lag3",
        "importance": 0.015893904492259026
      },
      {
        "feature": "precip_hours",
        "importance": 0.014808295294642448
      },
      {
        "feature": "dew_point_mean_f_lag3",
        "importance": 0.009925936348736286
      },
      {
        "feature": "temp_high_f_roll7_min",
        "importance": 0.00915419589728117
      },
      {
        "feature": "et0_in",
        "importance": 0.007496593985706568
      },
      {
        "feature": "temp_high_f_roll3_min",
        "importance": 0.007096290122717619
      },
      {
        "feature": "temp_high_f_roll7_max",
        "importance": 0.0063949329778552055
      },
      {
        "feature": "wind_sin_lag1",
        "importance": 0.006290856283158064
      },
      {
        "feature": "alpha_pressure_tend_1d",
        "importance": 0.005754997953772545
      },
      {
        "feature": "precip_in_lag1",
        "importance": 0.005715616513043642
      },
      {
        "feature": "alpha_nino34_anom",
        "importance": 0.005424958653748035
      },
      {
        "feature": "temp_high_f_roll3_mean",
        "importance": 0.005399774294346571
      },
      {
        "feature": "prob_regime_2_lag1",
        "importance": 0.005275823641568422
      }
    ],
    "h5": [
      {
        "feature": "alpha_days_from_peak",
        "importance": 0.14155752956867218
      },
      {
        "feature": "temp_high_f_roll30_min",
        "importance": 0.08936116099357605
      },
      {
        "feature": "temp_high_f_roll14_min",
        "importance": 0.08324697613716125
      },
      {
        "feature": "dew_point_mean_f_lag2",
        "importance": 0.056987419724464417
      },
      {
        "feature": "temp_mean_f",
        "importance": 0.031598009169101715
      },
      {
        "feature": "dew_point_mean_f_lag1",
        "importance": 0.021560370922088623
      },
      {
        "feature": "dew_point_mean_f_lag3",
        "importance": 0.020860908553004265
      },
      {
        "feature": "month_sin",
        "importance": 0.019457990303635597
      },
      {
        "feature": "temp_low_f_lag1",
        "importance": 0.018464308232069016
      },
      {
        "feature": "precip_hours",
        "importance": 0.013776353560388088
      },
      {
        "feature": "alpha_la_nina_flag",