{
  "schema_version": "1.0.0",
  "fit_date": "2026-05-02T02:40:02.242980",
  "n_regimes": 3,
  "n_rows_fit": 3043,
  "feature_cols": [
    "temp_high_f",
    "temp_low_f",
    "diurnal_range_f",
    "humidity_mean_pct",
    "cloud_cover_mean_pct",
    "dew_point_mean_f",
    "pressure_mean_hpa",
    "wind_speed_max_mph",
    "wind_sin",
    "wind_cos",
    "log_precip",
    "season_sin",
    "season_cos"
  ],
  "label_map": {
    "2": "SANTA_ANA",
    "0": "MARINE_LAYER",
    "1": "DRY_CLEAR"
  },
  "state_stats": {
    "SANTA_ANA": {
      "state_index": 2,
      "count": 1107,
      "pct": 0.3637857377587907,
      "means": {
        "temp_high_f": 68.05804701587758,
        "temp_low_f": 49.5112182799494,
        "diurnal_range_f": 18.546828735928187,
        "humidity_mean_pct": 63.840386522818676,
        "cloud_cover_mean_pct": 32.925751460915755,
        "dew_point_mean_f": 43.16987398024997,
        "pressure_mean_hpa": 1012.7114433283922,
        "wind_speed_max_mph": 11.540215159477887,
        "wind_sin": -0.13437995231298516,
        "wind_cos": 0.6081830869796375,
        "log_precip": 2.6117996654306808e-14,
        "season_sin": 0.095195190614084,
        "season_cos": 0.6231610043109925
      }
    },
    "MARINE_LAYER": {
      "state_index": 0,
      "count": 598,
      "pct": 0.19651659546500164,
      "means": {
        "temp_high_f": 63.050459251617866,
        "temp_low_f": 53.7783577794856,
        "diurnal_range_f": 9.272101472132261,
        "humidity_mean_pct": 79.88123632524024,
        "cloud_cover_mean_pct": 63.3006175378372,
        "dew_point_mean_f": 51.5233336057863,
        "pressure_mean_hpa": 1009.2852399780672,
        "wind_speed_max_mph": 14.629094574729978,
        "wind_sin": -0.29187733123404414,
        "wind_cos": -0.2964000600421778,
        "log_precip": 0.1607563646096153,
        "season_sin": 0.29364151087325197,
        "season_cos": 0.25404732738699226
      }
    },
    "DRY_CLEAR": {
      "state_index": 1,
      "count": 1338,
      "pct": 0.4396976667762077,
      "means": {
        "temp_high_f": 72.87528419391904,
        "temp_low_f": 61.118724875247416,
        "diurnal_range_f": 11.756559318671627,
        "humidity_mean_pct": 79.25807821830736,
        "cloud_cover_mean_pct": 34.83296692571246,
        "dew_point_mean_f": 59.142792871295484,
        "pressure_mean_hpa": 1008.0155418156678,
        "wind_speed_max_mph": 14.049485237098738,
        "wind_sin": -0.8364567819882782,
        "wind_cos": -0.47166979918179686,
        "log_precip": -6.938893903907228e-18,
        "season_sin": -0.147488034947877,
        "season_cos": -0.5923850352420856
      }
    }
  },
  "transition_matrix": [
    [
      0.553343004788195,
      0.1853191839463587,
      0.2613378112654463
    ],
    [
      0.08957899450714434,
      0.8905610356200516,
      0.019859969872803963
    ],
    [
      0.1391034555630813,
      0.030799416086109824,
      0.830097128350809
    ]
  ],
  "hmm_converged": true,
  "hmm_log_likelihood": -30541.85416987563
}