{
  "schema_version": "1.0.0",
  "fit_date": "2026-05-01T14:41:07.773570",
  "n_regimes": 3,
  "n_rows_fit": 3042,
  "feature_cols": [
    "temp_high_f",
    "temp_low_f",
    "diurnal_range_f",
    "humidity_mean_pct",
    "cloud_cover_mean_pct",
    "dew_point_mean_f",
    "pressure_mean_hpa",
    "wind_speed_max_mph",
    "wind_sin",
    "wind_cos",
    "log_precip",
    "season_sin",
    "season_cos"
  ],
  "label_map": {
    "2": "SANTA_ANA",
    "0": "MARINE_LAYER",
    "1": "DRY_CLEAR"
  },
  "state_stats": {
    "SANTA_ANA": {
      "state_index": 2,
      "count": 1107,
      "pct": 0.363905325443787,
      "means": {
        "temp_high_f": 68.05795637869186,
        "temp_low_f": 49.51116670179988,
        "diurnal_range_f": 18.54678967689198,
        "humidity_mean_pct": 63.840509314001196,
        "cloud_cover_mean_pct": 32.92569547538761,
        "dew_point_mean_f": 43.169847926569176,
        "pressure_mean_hpa": 1012.711459673288,
        "wind_speed_max_mph": 11.540127374679741,
        "wind_sin": -0.13437841309483622,
        "wind_cos": 0.6081665205564036,
        "log_precip": 2.6492696925117798e-14,
        "season_sin": 0.0952387087724713,
        "season_cos": 0.6231563951262535
      }
    },
    "MARINE_LAYER": {
      "state_index": 0,
      "count": 598,
      "pct": 0.19658119658119658,
      "means": {
        "temp_high_f": 63.05052547018947,
        "temp_low_f": 53.77836970646406,
        "diurnal_range_f": 9.272155763725406,
        "humidity_mean_pct": 79.88120117410463,
        "cloud_cover_mean_pct": 63.300348091337966,
        "dew_point_mean_f": 51.523351934520406,
        "pressure_mean_hpa": 1009.2851975198611,
        "wind_speed_max_mph": 14.629037058980838,
        "wind_sin": -0.2918892737139609,
        "wind_cos": -0.29641217249701646,
        "log_precip": 0.1607507088616626,
        "season_sin": 0.2936638925461276,
        "season_cos": 0.25402506295721466
      }
    },
    "DRY_CLEAR": {
      "state_index": 1,
      "count": 1337,
      "pct": 0.43951347797501644,
      "means": {
        "temp_high_f": 72.87773684956163,
        "temp_low_f": 61.120812363403914,
        "diurnal_range_f": 11.756924486157722,
        "humidity_mean_pct": 79.25904573474494,
        "cloud_cover_mean_pct": 34.82730746756947,
        "dew_point_mean_f": 59.14568583075214,
        "pressure_mean_hpa": 1008.0152998703082,
        "wind_speed_max_mph": 14.052772331459547,
        "wind_sin": -0.8365894661040398,
        "wind_cos": -0.47145365529970124,
        "log_precip": -6.938893903907228e-18,
        "season_sin": -0.14830742247058254,
        "season_cos": -0.5924668407981057
      }
    }
  },
  "transition_matrix": [
    [
      0.5533610820502655,
      0.1853118360165122,
      0.26132708193322224
    ],
    [
      0.08963902393675463,
      0.8904873343336078,
      0.01987364172963763
    ],
    [
      0.13911243825357253,
      0.03078685170904782,
      0.8301007100373796
    ]
  ],
  "hmm_converged": true,
  "hmm_log_likelihood": -30535.74833439318
}