{
  "schema_version": "1.0.0",
  "fit_date": "2026-05-02T02:59:08.842930",
  "n_regimes": 3,
  "n_rows_fit": 3043,
  "feature_cols": [
    "temp_high_f",
    "temp_low_f",
    "diurnal_range_f",
    "humidity_mean_pct",
    "cloud_cover_mean_pct",
    "dew_point_mean_f",
    "pressure_mean_hpa",
    "wind_speed_max_mph",
    "wind_sin",
    "wind_cos",
    "log_precip",
    "season_sin",
    "season_cos"
  ],
  "label_map": {
    "2": "SANTA_ANA",
    "0": "MARINE_LAYER",
    "1": "DRY_CLEAR"
  },
  "state_stats": {
    "SANTA_ANA": {
      "state_index": 2,
      "count": 1107,
      "pct": 0.3637857377587907,
      "means": {
        "temp_high_f": 68.0580470158774,
        "temp_low_f": 49.51121827994613,
        "diurnal_range_f": 18.54682873593128,
        "humidity_mean_pct": 63.840386522807464,
        "cloud_cover_mean_pct": 32.9257514609034,
        "dew_point_mean_f": 43.1698739802429,
        "pressure_mean_hpa": 1012.7114433283937,
        "wind_speed_max_mph": 11.540215159477617,
        "wind_sin": -0.1343799523126435,
        "wind_cos": 0.6081830869802681,
        "log_precip": 2.634004125923184e-14,
        "season_sin": 0.0951951906140246,
        "season_cos": 0.6231610043112398
      }
    },
    "MARINE_LAYER": {
      "state_index": 0,
      "count": 598,
      "pct": 0.19651659546500164,
      "means": {
        "temp_high_f": 63.050459251619415,
        "temp_low_f": 53.77835777948612,
        "diurnal_range_f": 9.2721014721333,
        "humidity_mean_pct": 79.88123632524112,
        "cloud_cover_mean_pct": 63.300617537836246,
        "dew_point_mean_f": 51.52333360578729,
        "pressure_mean_hpa": 1009.2852399780676,
        "wind_speed_max_mph": 14.629094574729304,
        "wind_sin": -0.2918773312340118,
        "wind_cos": -0.29640006004226926,
        "log_precip": 0.16075636460954515,
        "season_sin": 0.29364151087327073,
        "season_cos": 0.254047327387048
      }
    },
    "DRY_CLEAR": {
      "state_index": 1,
      "count": 1338,
      "pct": 0.4396976667762077,
      "means": {
        "temp_high_f": 72.87528419391795,
        "temp_low_f": 61.118724875245235,
        "diurnal_range_f": 11.756559318672716,
        "humidity_mean_pct": 79.25807821830779,
        "cloud_cover_mean_pct": 34.83296692571648,
        "dew_point_mean_f": 59.14279287129387,
        "pressure_mean_hpa": 1008.0155418156686,
        "wind_speed_max_mph": 14.049485237097693,
        "wind_sin": -0.836456781988292,
        "wind_cos": -0.4716697991817319,
        "log_precip": 2.0816681711721685e-17,
        "season_sin": -0.1474880349477911,
        "season_cos": -0.5923850352418293
      }
    }
  },
  "transition_matrix": [
    [
      0.553343004788125,
      0.1853191839454442,
      0.26133781126643063
    ],
    [
      0.08957899450761383,
      0.8905610356205642,
      0.019859969871821898
    ],
    [
      0.13910345556234333,
      0.030799416086044307,
      0.8300971283516123
    ]
  ],
  "hmm_converged": true,
  "hmm_log_likelihood": -30541.85416990223
}