{
  "schema_version": "1.1.0",
  "fit_date": "2026-05-02T15:43:47.994643",
  "backend": "hmm",
  "hmm_error": null,
  "n_regimes": 3,
  "n_rows_fit": 3043,
  "feature_cols": [
    "temp_high_f",
    "temp_low_f",
    "diurnal_range_f",
    "humidity_mean_pct",
    "cloud_cover_mean_pct",
    "dew_point_mean_f",
    "pressure_mean_hpa",
    "wind_speed_max_mph",
    "wind_sin",
    "wind_cos",
    "log_precip",
    "season_sin",
    "season_cos"
  ],
  "label_map": {
    "0": "REGIME_0",
    "1": "REGIME_1",
    "2": "REGIME_2"
  },
  "physical_label_suggestions": {
    "0": {
      "suggested_label": "MARINE_LAYER",
      "validated": true,
      "score": 4
    },
    "1": {
      "suggested_label": "UNVALIDATED",
      "validated": false,
      "score": 2
    },
    "2": {
      "suggested_label": "UNVALIDATED",
      "validated": false,
      "score": 1
    }
  },
  "state_stats": {
    "REGIME_0": {
      "state_index": 0,
      "count": 598,
      "pct": 0.19651659546500164,
      "means": {
        "temp_high_f": 63.05046939440412,
        "temp_low_f": 53.77836503954582,
        "diurnal_range_f": 9.272104354858296,
        "humidity_mean_pct": 79.8812315968654,
        "cloud_cover_mean_pct": 63.300593277176446,
        "dew_point_mean_f": 51.52334016802597,
        "pressure_mean_hpa": 1009.2852330358763,
        "wind_speed_max_mph": 14.629092980382108,
        "wind_sin": -0.29187622544995273,
        "wind_cos": -0.29640077519779695,
        "log_precip": 0.16075640107598196,
        "season_sin": 0.2936406414271635,
        "season_cos": 0.25404714072334794
      }
    },
    "REGIME_1": {
      "state_index": 1,
      "count": 1338,
      "pct": 0.4396976667762077,
      "means": {
        "temp_high_f": 72.87526892210546,
        "temp_low_f": 61.118713777644125,
        "diurnal_range_f": 11.756555144461329,
        "humidity_mean_pct": 79.25821621006939,
        "cloud_cover_mean_pct": 34.833868417556815,
        "dew_point_mean_f": 59.14274139078163,
        "pressure_mean_hpa": 1008.0155332563368,
        "wind_speed_max_mph": 14.04948403312678,
        "wind_sin": -0.8364589294953286,
        "wind_cos": -0.47167065369650213,
        "log_precip": -1.3877787807814457e-17,
        "season_sin": -0.14748691848626544,
        "season_cos": -0.5923845073412365
      }
    },
    "REGIME_2": {
      "state_index": 2,
      "count": 1107,
      "pct": 0.3637857377587907,
      "means": {
        "temp_high_f": 68.0580565325289,
        "temp_low_f": 49.51122161574163,
        "diurnal_range_f": 18.546834916787255,
        "humidity_mean_pct": 63.84036653794646,
        "cloud_cover_mean_pct": 32.92569726713971,
        "dew_point_mean_f": 43.169871653801685,
        "pressure_mean_hpa": 1012.7114408672825,
        "wind_speed_max_mph": 11.540216457867121,
        "wind_sin": -0.1343790778632778,
        "wind_cos": 0.6081830345170653,
        "log_precip": 2.6145752229922437e-14,
        "season_sin": 0.09519448215055373,
        "season_cos": 0.6231611160510917
      }
    }
  },
  "transition_matrix": [
    [
      0.5533426473074438,
      0.1853198321361605,
      0.2613375205563958
    ],
    [
      0.08957900814497866,
      0.8905607572703566,
      0.019860234584664682
    ],
    [
      0.13910359196937666,
      0.03079949356492062,
      0.8300969144657027
    ]
  ],
  "hmm_converged": true,
  "hmm_log_likelihood": -30541.789295103426
}