{
  "train_loss": [
    0.049394416763926995,
    0.020019299604675987,
    0.0162163633062984,
    0.01619490851281267,
    0.013476574567682816,
    0.013259528007245424,
    0.011643739699414282,
    0.010928043728750763,
    0.011120956362874218,
    0.010832651490063377,
    0.010485889742884672,
    0.009821166030385277,
    0.00990420783107931,
    0.009549556977369568,
    0.009059784200155374,
    0.008675350059726925,
    0.008870429980258146,
    0.00855319718406959,
    0.008157970651871327,
    0.008381307745973269,
    0.008042775842389374,
    0.007826787250285799,
    0.007740667795367313,
    0.007549161966325659,
    0.007528292156304374,
    0.00711298869414763,
    0.007319790367601496,
    0.006837707704328226,
    0.006850992752747102,
    0.006843192150082552,
    0.006974558599970557,
    0.006741767819745071,
    0.006763336432138176,
    0.006555815354328264,
    0.00650034382036238,
    0.00650046578128681,
    0.006576659200205045,
    0.006156431257047437,
    0.006525759500536052,
    0.0064997826844002266,
    0.006340156605636532,
    0.006153819066557017,
    0.0058897282279124765,
    0.0059708210244549045,
    0.005866860533415368,
    0.00598007326268337,
    0.006063903597268191,
    0.005838243770554211,
    0.0058842600803032065,
    0.005901795628508835,
    0.005662597144361247,
    0.005575382715147553
  ],
  "val_loss": [
    0.03054047522268125,
    0.00882381819454687,
    0.009083320054092578,
    0.009537868800440006,
    0.010461402624579412,
    0.008179260983264871,
    0.008071016104492758,
    0.00825548208584743,
    0.00884389242024294,
    0.010081304835953884,
    0.008975146903789468,
    0.008111647862408842,
    0.007892879674078099,
    0.007329432742803225,
    0.009240190565053905,
    0.0071527673530259305,
    0.0080775030822094,
    0.007943552453070879,
    0.0077079172312681165,
    0.011062236003843802,
    0.008790286790047373,
    0.00786958757920989,
    0.009324836511430996,
    0.007398445358765977,
    0.009094508065442954,
    0.007758555850679321,
    0.007433976080002529,
    0.008060941006988287,
    0.007918014922844512,
    0.008929672152070063,
    0.00830633070186845,
    0.007072875242946404,
    0.008334503675411855,
    0.008361768709229571,
    0.007220655180779951,
    0.008036966934534056,
    0.008630726120567747,
    0.008545047836378217,
    0.007995172037876077,
    0.007738660422286817,
    0.008661573453407203,
    0.008025645544486386,
    0.0077263410203158855,
    0.008284571347758174,
    0.009534646989777684,
    0.007416397798806429,
    0.008939915070576327,
    0.008014177837009941,
    0.008898616535589099,
    0.008496734080836177,
    0.008130416639947466,
    0.008165637097720588
  ],
  "val_mae_scaled": [
    0.1702177705509322,
    0.08171433423246656,
    0.08403052389621735,
    0.08592142750109945,
    0.08791620337537356,
    0.07557494565844536,
    0.07607510898794446,
    0.07743776855724198,
    0.0796140203518527,
    0.08853609327759061,
    0.08133635723165103,
    0.07638574125511306,
    0.07543594443372317,
    0.07286575915557998,
    0.08172248995729856,
    0.07198189465062958,
    0.07714979403785296,
    0.07866572535463742,
    0.07504065600889069,
    0.09032118959086281,
    0.08230945414730481,
    0.07659442403486796,
    0.08258960502488273,
    0.0728379243186542,
    0.08107299570526395,
    0.07520698915634837,
    0.07408722702945982,
    0.079002959387643,
    0.07581210562161037,
    0.0805268335555281,
    0.07680699974298477,
    0.07191041058727674,
    0.0780324616602489,
    0.07840783681188311,
    0.07196128155503954,
    0.07536683391247477,
    0.07848735632640975,
    0.07840700766869954,
    0.07739060425332614,
    0.07554311518158231,
    0.08115670404263906,
    0.07586080793823514,
    0.07479083750929151,
    0.07651958561369351,
    0.08141473467860903,
    0.07393706536718778,
    0.07972721542630877,
    0.07639485491173607,
    0.08029663935303688,
    0.07786133938602038,
    0.07700586744717189,
    0.07681392080017499
  ]
}