{
  "train_loss": [
    0.05340030484578826,
    0.01996616635358695,
    0.017703450567117245,
    0.014921809574871353,
    0.014110141179778359,
    0.013284999425664093,
    0.011941328277867851,
    0.011665264003430351,
    0.012126509269530123,
    0.012476526370102709,
    0.010619080964137207,
    0.010985978963700209,
    0.01028516050428152,
    0.010870293107335314,
    0.009639932985671541,
    0.009023480780535576,
    0.00881993303526983,
    0.009107204464574655,
    0.008678542224295212,
    0.00863340851201704,
    0.008048497591957901,
    0.008010723120109602,
    0.007979213598776947,
    0.008019531413799885,
    0.007828623860735785,
    0.007465340352306764,
    0.0076137551981391325,
    0.007234545650355743,
    0.007417782040482218,
    0.0070793888334072,
    0.007224969763421651,
    0.007355273898803826,
    0.007080752910538154,
    0.0069664884217535,
    0.0069733797995881605,
    0.00671661410932288,
    0.00660108941409624,
    0.0065661493801709376,
    0.0062998422760177746,
    0.006639443069809314,
    0.006392853870762117,
    0.006281155218003374,
    0.006599058637000395,
    0.0062587872909551315,
    0.006247606580004547,
    0.006113341459157792
  ],
  "val_loss": [
    0.039782034632350714,
    0.009078206960111856,
    0.00793870012941105,
    0.008010978045474206,
    0.00808198846477483,
    0.00803796255162784,
    0.010335985371576888,
    0.009383957433913435,
    0.010370573893721615,
    0.010513471506003822,
    0.007148387925034123,
    0.013917482125439815,
    0.007303362313125815,
    0.007520160870626569,
    0.007361375227836626,
    0.007042557167421494,
    0.007322375546209514,
    0.008594732931149858,
    0.009654814643519265,
    0.00753095922326403,
    0.007423722950209465,
    0.007163802693997111,
    0.008629377066556896,
    0.007199652526261551,
    0.007433721529585975,
    0.006577401621533292,
    0.008936031588486262,
    0.008268882686804448,
    0.006779685350401061,
    0.00812641644318189,
    0.010444872746510165,
    0.007472981000319123,
    0.007913704263046384,
    0.007820065133273602,
    0.008015739565183009,
    0.007907867830778872,
    0.007870474298085486,
    0.00795305154419371,
    0.00845433319253581,
    0.007842438195699028,
    0.00881847579564367,
    0.00917420835633363,
    0.008944924588182144,
    0.007858581807730454,
    0.00868102815002203,
    0.00798921356908977
  ],
  "val_mae_scaled": [
    0.19160790741443634,
    0.08112252290759768,
    0.07544062286615372,
    0.07614427113107272,
    0.0764511866228921,
    0.07690015754529408,
    0.0884901535298143,
    0.08390823059848376,
    0.08575926029256412,
    0.09096590748855046,
    0.07166354304977826,
    0.10187310512576785,
    0.07133689948490687,
    0.07447567316038269,
    0.07185081818274089,
    0.06987810294542994,
    0.07342851640922683,
    0.07902327020253454,
    0.08496619015932083,
    0.0730897853417056,
    0.07288484222122601,
    0.07125413471034595,
    0.08083406090736389,
    0.0706552623638085,
    0.07431797097836222,
    0.0695999546774796,
    0.08169516867824964,
    0.0782954820564815,
    0.07041705452970096,
    0.07784883890833173,
    0.08467017220599311,
    0.07339843841535705,
    0.07539333296673638,
    0.07538432840790067,
    0.07691575959324837,
    0.07631820174200195,
    0.07591103815606662,
    0.07780462822743825,
    0.07871550640889577,
    0.07563434700880732,
    0.08119567802974156,
    0.08245147232498441,
    0.08257713275296348,
    0.0751515690769468,
    0.0806172075016158,
    0.0773225799202919
  ]
}