{
  "train_loss": [
    0.036714012141932144,
    0.01718864618151477,
    0.014605774431291855,
    0.013057964317726366,
    0.012497470290823416,
    0.011874604800885374,
    0.010719642607551632,
    0.011006836186755787,
    0.009959043822053707,
    0.0096502377877407,
    0.00960476915210937,
    0.009563789378400103,
    0.00880695635339979,
    0.009380082317599745,
    0.008502260287941404,
    0.008221512787382711,
    0.008959908377040516,
    0.008250511082058603,
    0.0077450892492903,
    0.007759015908408345,
    0.007712805460235386,
    0.007574377510922424,
    0.007504325712833441,
    0.0070803402499719096,
    0.00680016212616906,
    0.0068209351915301695,
    0.007136716930703683,
    0.006783535675794789,
    0.006555198536564906,
    0.006699672829585545,
    0.006481410314639409,
    0.006643654341160348,
    0.006491967688568614,
    0.006353803007214358
  ],
  "val_loss": [
    0.01984261441975832,
    0.010182066188592995,
    0.008900473060618554,
    0.007875958091712423,
    0.009035960671358876,
    0.008149349995489632,
    0.00787453945460064,
    0.008101886271366052,
    0.007002539566851088,
    0.0070911267040563485,
    0.00840735445464296,
    0.006724656808988324,
    0.007543137430080346,
    0.006596285666871283,
    0.007106446627793568,
    0.007738523883745074,
    0.008537450805306435,
    0.0076730043760367805,
    0.006865638690734548,
    0.006748183015068727,
    0.006485573381983808,
    0.009260333143174648,
    0.006488955014252237,
    0.007495059531980327,
    0.007401901696409498,
    0.008610284554639034,
    0.006294078176974186,
    0.007933866931125522,
    0.007356406688424093,
    0.007564938460875835,
    0.011093084700405598,
    0.00753054754542453,
    0.006842113299561399,
    0.0069019443555069825
  ],
  "val_mae_scaled": [
    0.1273648962378502,
    0.08580575830170087,
    0.07965321732418877,
    0.07452458888292313,
    0.08096637523600034,
    0.0764983312359878,
    0.07438335461275918,
    0.07525962644389697,
    0.0695607459970883,
    0.07069524164710726,
    0.07829033264092036,
    0.06864165940455028,
    0.07435063059840884,
    0.06719515206558364,
    0.07173229434660502,
    0.07415712039385523,
    0.07902765912669045,
    0.07412363588809967,
    0.06976243534258433,
    0.06950554837073598,
    0.06746321756924901,
    0.08205069175788335,
    0.06832808894770485,
    0.07200613990426064,
    0.07102762748088155,
    0.075180569929736,
    0.06775143689342908,
    0.07481073215603828,
    0.07183239609003067,
    0.07447801583579608,
    0.08503128002796854,
    0.07366324588656425,
    0.06903306288378579,
    0.07062730086701256
  ]
}