{
  "train_loss": [
    0.06743899320788456,
    0.019724741578102112,
    0.019022591242736035,
    0.014301026550432047,
    0.013570127190288269,
    0.01307576781872547,
    0.013685466919207212,
    0.012181702182825768,
    0.01119151942883477,
    0.010978455824608152,
    0.010638417901866364,
    0.009852103169330141,
    0.009750639751666424,
    0.010430984622375532,
    0.00919104628547123,
    0.00922062803962917,
    0.00887610578457966,
    0.00833051832336368,
    0.008876552015091434,
    0.008310507601973686,
    0.008202038860569397,
    0.007916606158356775,
    0.008337420340853207,
    0.007995862132784996,
    0.008054122117094019,
    0.00775706899267706,
    0.007526669961710771,
    0.007336320778862996,
    0.007289134967846401,
    0.00720536152860432,
    0.006962313119209174,
    0.006948328492316333,
    0.007051601850738128,
    0.006867892391076593,
    0.00698906575527155
  ],
  "val_loss": [
    0.02507684872086559,
    0.011191401298024825,
    0.010062521057469504,
    0.010484930127859116,
    0.007966574181669525,
    0.008568783323945743,
    0.011046630995614188,
    0.007752149149642459,
    0.008948082237371377,
    0.00910434649059815,
    0.008242848828168852,
    0.00814104253160102,
    0.008624372355240797,
    0.008218415547162294,
    0.007107148811753307,
    0.008326523637931262,
    0.008062398826171244,
    0.008896841734115566,
    0.007342839613556862,
    0.009448838353689228,
    0.008896023899848973,
    0.011031658787812506,
    0.008785484791068094,
    0.007993039741579975,
    0.007520248015810337,
    0.009087565654356564,
    0.009043442850400294,
    0.007518033164420298,
    0.007965514336579613,
    0.008009406538414103,
    0.008379029243120126,
    0.00827610565881644,
    0.007742896742586579,
    0.008802477536456925,
    0.008518585270004613
  ],
  "val_mae_scaled": [
    0.14745929730790003,
    0.09144936980945724,
    0.08708849123546056,
    0.08725908132536071,
    0.0755873593900885,
    0.07915745196597916,
    0.09153699076601438,
    0.07422658588205065,
    0.08008299076131412,
    0.08306473919323512,
    0.07558924970882279,
    0.07657018942492348,
    0.0796356802540166,
    0.07710479891725949,
    0.07067656410591942,
    0.07709556551916259,
    0.07572462995137487,
    0.08080780452915601,
    0.0733062034206731,
    0.082593206848417,
    0.08026343530842237,
    0.08970294892787933,
    0.07988936720149857,
    0.07506043730037552,
    0.07251606934836932,
    0.0809809687946524,
    0.0796499422618321,
    0.07202156846012388,
    0.07432630232402257,
    0.07608412738357272,
    0.07972326821514539,
    0.07747378359947886,
    0.07533463835716248,
    0.07957003957458905,
    0.07845618735466685
  ]
}