{
  "train_loss": [
    0.04732454723368088,
    0.019599265616500015,
    0.015096311231679989,
    0.014600624612560778,
    0.013600578446957197,
    0.012095658475476685,
    0.012677978413800398,
    0.01307606002823873,
    0.011775518231319658,
    0.011109618060855251,
    0.010564269032329321,
    0.009893076959997416,
    0.009280049481965376,
    0.009180632843212648,
    0.009741997134617784,
    0.009314611398925384,
    0.008810590628083006,
    0.00888634432163654,
    0.008375462384499384,
    0.007971877838964716,
    0.008232560516758398,
    0.008041242137551308,
    0.007621348398088506,
    0.00757839639360706,
    0.00761302923219222,
    0.007687655079996947,
    0.007715894389107372,
    0.00718942822211168,
    0.006986563898284327,
    0.006913173548651464,
    0.006824340205639601,
    0.006503926039758054,
    0.0065373164799177284,
    0.006414784047978394,
    0.006341316215129513,
    0.006403178047163017,
    0.006261513004023017,
    0.006081690743678447,
    0.006080473646182905
  ],
  "val_loss": [
    0.018237452754484757,
    0.009861210327861565,
    0.009201485963006104,
    0.011265367302777511,
    0.008317286581067103,
    0.007439632617336299,
    0.008975616273736315,
    0.008119682681613736,
    0.010897327147956406,
    0.013609610697520631,
    0.009727182465472392,
    0.0075417190590607265,
    0.009483711594449622,
    0.00790646068552243,
    0.009956262273980039,
    0.008219716837629676,
    0.007241895122985754,
    0.007547785062342882,
    0.006562285058732543,
    0.007396457716822624,
    0.008670337365141936,
    0.008227981992864184,
    0.00768995238468051,
    0.009103400532954506,
    0.008943343169188924,
    0.008874855137297086,
    0.007383673418579357,
    0.00833482893982104,
    0.006906364478969148,
    0.009039136048938547,
    0.0078284954319575,
    0.006727986237300294,
    0.007538496782737119,
    0.008075716838772808,
    0.007217617023603192,
    0.007839506758110864,
    0.00800215160208089,
    0.007961998194722193,
    0.008205551920192582
  ],
  "val_mae_scaled": [
    0.1235956507069724,
    0.08578298187681607,
    0.08220317906567029,
    0.09272469473736626,
    0.0760408022574016,
    0.07323336175509862,
    0.0821597906095641,
    0.07753909219588552,
    0.09018992260098457,
    0.09994219616055489,
    0.0846617833844253,
    0.07211436118398394,
    0.08397016674280167,
    0.07554663558091436,
    0.08487056834357125,
    0.08013745982732091,
    0.07078850109662328,
    0.07418999767729215,
    0.06918260774442128,
    0.074094436530556,
    0.08041390191231455,
    0.07675298250147275,
    0.07434852261628423,
    0.08119575359991618,
    0.08026375249028206,
    0.08176705720169204,
    0.07445546825017248,
    0.07933604664036206,
    0.07249313912221364,
    0.08320696279406548,
    0.07464107125997543,
    0.06929725568209376,
    0.07401584993515696,
    0.07732924552900451,
    0.07141566489424024,
    0.0768133710537638,
    0.07624409241335732,
    0.07640900622521128,
    0.07683600911072322
  ]
}