{
  "train_loss": [
    0.045038503340699455,
    0.023406475359065967,
    0.020160100507465275,
    0.019857676953754642,
    0.016900859039389725,
    0.01713409921097936,
    0.016824527700064762,
    0.014745542215126934,
    0.014643174793684122,
    0.01372039910744537,
    0.013102951657139894,
    0.013300573848413698,
    0.01215676482145985,
    0.012198127876741417,
    0.011702894416609497,
    0.011685438919812441,
    0.011352816215631637,
    0.011524522662952993,
    0.010480995529867483,
    0.010892860069306511,
    0.010709519554494005,
    0.010571319285328642,
    0.009890090321388208,
    0.010197661591298653,
    0.010872687509452755,
    0.010708089579235424,
    0.010123175371325377,
    0.009673590009862726,
    0.00974471452222629,
    0.009484360022752575,
    0.00938739859019265,
    0.00935006481736447,
    0.009127617291541714,
    0.008989082310687412,
    0.008974189362065359,
    0.009139201109946676,
    0.00892362008435708,
    0.008144490322041693,
    0.008178603256855047,
    0.00848219453385382,
    0.008313995532014153,
    0.007607589885028023,
    0.007286108451697863,
    0.00744546176583478,
    0.007107510570098053,
    0.007084055069946881,
    0.006860490733136733,
    0.007100237575782971,
    0.0069477840496057815,
    0.006811413448303938,
    0.006506889494079532,
    0.0061577343607716484
  ],
  "val_loss": [
    0.04392637365630695,
    0.015088199970445462,
    0.010723386059648224,
    0.008571785142911332,
    0.008828197905261601,
    0.008913972348506962,
    0.0122822355479002,
    0.008587722267423357,
    0.010766065014260156,
    0.009128221975905555,
    0.008611520087080342,
    0.00862904781076525,
    0.01066124944814614,
    0.008681437699124217,
    0.007671171350271574,
    0.009413826146296092,
    0.008765154651233129,
    0.00868519046343863,
    0.009151644206472806,
    0.008216348509969456,
    0.007728887954726815,
    0.008080949907058052,
    0.007410158203648669,
    0.007860630318256361,
    0.010040042389716421,
    0.009272717405110598,
    0.00827989065354424,
    0.008815488744793194,
    0.008213774567203862,
    0.008466124734176057,
    0.007986520583342229,
    0.00709321692452899,
    0.007606219400518707,
    0.008908976235293917,
    0.008355511352419853,
    0.007171671671260681,
    0.007113053396876369,
    0.008297956714938794,
    0.009622177641306604,
    0.0071203758540962425,
    0.007510863676933306,
    0.007975390513560601,
    0.008448242043544139,
    0.008210803814498442,
    0.0071200664221708265,
    0.007029038255235979,
    0.007286744325288704,
    0.009058503567108087,
    0.007044542614104492,
    0.00917945133655199,
    0.008303121264491762,
    0.00847003040170031
  ],
  "val_mae_scaled": [
    0.19963243071522033,
    0.11396024056843349,
    0.09205440804362297,
    0.07979000306555203,
    0.08183492294379643,
    0.08065738848277501,
    0.0959973271403994,
    0.07821836216109139,
    0.09014357147472245,
    0.08021458398018565,
    0.08034429858837809,
    0.07920222942318235,
    0.08909083210996219,
    0.07931181788444519,
    0.07399905951959747,
    0.08303112057702881,
    0.07767487317323685,
    0.0793376804462501,
    0.0827369551573481,
    0.07764937622206551,
    0.07439097496015686,
    0.07639666540282113,
    0.07229162912283625,
    0.07238819875887462,
    0.08447221294045448,
    0.08270486923200744,
    0.07485924128975187,
    0.07968700357845851,
    0.0775543036205428,
    0.07781230605074338,
    0.07692328574401992,
    0.07108328118920326,
    0.07445574445383889,
    0.07999451245580401,
    0.07939023151993752,
    0.07263304346374103,
    0.07176670591746058,
    0.07857299862163407,
    0.08522997849753924,
    0.07180460276348251,
    0.07322781160473824,
    0.07649139847074236,
    0.07858578275356974,
    0.07681293200169291,
    0.07352104942713465,
    0.07195116207003593,
    0.07243166917136737,
    0.08169312242950712,
    0.07204104959964752,
    0.08164158144167491,
    0.07704254026923861,
    0.07702245989016124
  ]
}