{
  "train_loss": [
    0.051133012399077415,
    0.020579700329990097,
    0.015511767995176893,
    0.015255432039725058,
    0.013538615749866673,
    0.013529864845402313,
    0.013542851292048439,
    0.011699583748299065,
    0.011980044316839088,
    0.011890932028605179,
    0.01039035983778762,
    0.010489357705933578,
    0.010519695651689262,
    0.010161190561837318,
    0.009547956400748455,
    0.00893002858554775,
    0.008772899481383238,
    0.008566453784817097,
    0.008202891274722237,
    0.008107553617182102,
    0.008532185375577572,
    0.008177938038539705,
    0.00826181210295269,
    0.007887635380029678,
    0.007799898006134864,
    0.007614583426126928,
    0.007741074628111991,
    0.007488029557421352,
    0.007435051978311755,
    0.006896638974660274,
    0.007034033536911011,
    0.007002496612117146,
    0.00650140561276313,
    0.006861757007286404,
    0.0064587354180261946,
    0.006610887957680406,
    0.0063381661999632015,
    0.0062445349370439844,
    0.00612367641632304
  ],
  "val_loss": [
    0.03290439849453313,
    0.010838726136301245,
    0.009520182386040688,
    0.008296795089596085,
    0.008857246355286666,
    0.01066035231841462,
    0.009003633367163795,
    0.009603230083095176,
    0.010433525645307131,
    0.010197511874139309,
    0.007896516272532088,
    0.010551740265717464,
    0.010484372598252125,
    0.009303658967837691,
    0.00893201891865049,
    0.006734201534917312,
    0.008717972485880767,
    0.008750720016126121,
    0.006725334795191884,
    0.008382133607353483,
    0.006395401366587196,
    0.00773336219468287,
    0.007615383082468595,
    0.007231660253767457,
    0.00675349566154182,
    0.006624826130324176,
    0.006980377365835011,
    0.010068236051925592,
    0.007469533876116786,
    0.007866489601188473,
    0.007245839889427381,
    0.006649864604696631,
    0.007137447828426957,
    0.007086023472116462,
    0.008346154354512691,
    0.008148694643750787,
    0.008865964199815477,
    0.008539904208321656,
    0.00782307403694306
  ],
  "val_mae_scaled": [
    0.1802998653479985,
    0.08724227334771838,
    0.08251297527125903,
    0.07636666776878494,
    0.08019389691097396,
    0.08896079020840782,
    0.07995752937027387,
    0.08201919975025314,
    0.08722174593380519,
    0.086734660501991,
    0.07585180550813675,
    0.08807825722864696,
    0.08962775979723249,
    0.08223226187484604,
    0.08024284030709948,
    0.06863853282162122,
    0.07961661208953176,
    0.08020115803394999,
    0.06820628845265933,
    0.07757604335035596,
    0.06858255181993757,
    0.0754131440605436,
    0.07468296853559357,
    0.07299235622797694,
    0.06925180447953087,
    0.06898358038493566,
    0.07021346688270569,
    0.08569965564778873,
    0.07424930429884366,
    0.07554212797965322,
    0.07199419130172048,
    0.06933600455522537,
    0.07169989336814199,
    0.07253676759345191,
    0.07854535696761948,
    0.07719779866082328,
    0.08137872761913709,
    0.07888873506869588,
    0.0745246128312179
  ]
}