{
  "train_loss": [
    0.06844723371393753,
    0.020944291133094917,
    0.019806734624911438,
    0.016195004918810093,
    0.014392900139544949,
    0.013825026848776773,
    0.013606361141710571,
    0.013236733181684307,
    0.012215897836016886,
    0.01119827131994746,
    0.011294657689039454,
    0.010379539760337635,
    0.010736573261745049,
    0.009892778344113718,
    0.00987426479431716,
    0.009743003315772072,
    0.009216107047078285,
    0.008813261294342352,
    0.00883916900916533,
    0.008608184091633919,
    0.008566909864770643,
    0.008716656727659883,
    0.008030642882328142,
    0.0077722421000626955,
    0.007809500322874748,
    0.007811735751050891,
    0.007736285725100474,
    0.007662956334763404,
    0.00755383823574944,
    0.007955271045141148,
    0.007378475444222038,
    0.007152765128535755,
    0.007196557665751739
  ],
  "val_loss": [
    0.017701489651309594,
    0.008692408512745584,
    0.014075521412970764,
    0.008200410221304213,
    0.00745859622423138,
    0.00939731891932232,
    0.012839602772146463,
    0.008533416615266885,
    0.007489376801199147,
    0.00702815067156085,
    0.007823096654777015,
    0.00737985792303724,
    0.006905248521694115,
    0.008555540648688163,
    0.007854511462418097,
    0.008509833332417267,
    0.00930847693234682,
    0.007297222369483539,
    0.008606470389557737,
    0.00926463192860995,
    0.008680252957024745,
    0.010358539542981557,
    0.007987495811123933,
    0.008585941179522447,
    0.00885938633499401,
    0.009089668880083732,
    0.009349998153213943,
    0.008825664142412799,
    0.008963155726503049,
    0.009019473434558936,
    0.009958480684352773,
    0.00905762060678431,
    0.008830239098252994
  ],
  "val_mae_scaled": [
    0.11922130840165275,
    0.08080051999006953,
    0.10153607970901898,
    0.08021890744566917,
    0.0740990691951343,
    0.08564475710902895,
    0.09844178546752248,
    0.07910022884607315,
    0.07281237840652466,
    0.07074859206165586,
    0.07379974211965289,
    0.07140533413205828,
    0.06912543677857944,
    0.07853067027670997,
    0.07605067480887685,
    0.07787213953477996,
    0.08308500690119607,
    0.07257362082600594,
    0.07745443337729999,
    0.08320473294172968,
    0.07826673186251096,
    0.08934638649225235,
    0.07583935931324959,
    0.07924421184829303,
    0.08061262539454869,
    0.08243160162653242,
    0.08331230921404702,
    0.08160648761051041,
    0.08054114505648613,
    0.08219764062336513,
    0.08649371351514544,
    0.08186249168855804,
    0.08073241263628006
  ]
}