{
  "schema_version": "1.1.0",
  "n_mc_samples": 200,
  "ci_lower_pct": 5.0,
  "ci_upper_pct": 95.0,
  "ci_target_coverage": 0.9,
  "interval_method": "split_conformal_on_validation_residuals",
  "conformal_alpha": 0.1,
  "min_validation_coverage": 0.85,
  "min_test_coverage": 0.8,
  "conformal_quantile_f_by_horizon": {
    "h1": 6.331169128417969,
    "h3": 7.991397857666016,
    "h5": 8.640708923339844
  },
  "raw_mc_dropout_calibration_results": {
    "h1_coverage_90pct": 0.5936794582392777,
    "h1_mean_ci_width_f": 5.389136791229248,
    "h1_calibration_error": 0.3063205417607223,
    "h3_coverage_90pct": 0.3656884875846501,
    "h3_mean_ci_width_f": 3.438476085662842,
    "h3_calibration_error": 0.5343115124153499,
    "h5_coverage_90pct": 0.3295711060948081,
    "h5_mean_ci_width_f": 3.795903205871582,
    "h5_calibration_error": 0.5704288939051919
  },
  "calibration_results": {
    "h1_coverage_90pct": 0.9029345372460497,
    "h1_mean_ci_width_f": 12.662338256835938,
    "h1_calibration_error": 0.00293453724604964,
    "h3_coverage_90pct": 0.9029345372460497,
    "h3_mean_ci_width_f": 15.982795715332031,
    "h3_calibration_error": 0.00293453724604964,
    "h5_coverage_90pct": 0.9029345372460497,
    "h5_mean_ci_width_f": 17.281417846679688,
    "h5_calibration_error": 0.00293453724604964
  },
  "test_coverage_results": {
    "h1_coverage_90pct": 0.909706546275395,
    "h1_mean_ci_width_f": 12.662338256835938,
    "h1_calibration_error": 0.009706546275395023,
    "h3_coverage_90pct": 0.8397291196388262,
    "h3_mean_ci_width_f": 15.982795715332031,
    "h3_calibration_error": 0.060270880361173784,
    "h5_coverage_90pct": 0.8442437923250564,
    "h5_mean_ci_width_f": 17.281417846679688,
    "h5_calibration_error": 0.0557562076749436
  },
  "validation_calibration_pass": true,
  "test_calibration_pass": true,
  "calibration_pass": true,
  "interval_status": "CONFORMAL_CALIBRATED",
  "intervals_publishable": true
}