{
  "schema_version": "1.1.0",
  "n_mc_samples": 200,
  "ci_lower_pct": 5.0,
  "ci_upper_pct": 95.0,
  "ci_target_coverage": 0.9,
  "calibration_results": {
    "h1_coverage_90pct": 0.5372460496613995,
    "h1_mean_ci_width_f": 4.837725639343262,
    "h1_calibration_error": 0.3627539503386005,
    "h3_coverage_90pct": 0.5056433408577878,
    "h3_mean_ci_width_f": 5.710390567779541,
    "h3_calibration_error": 0.3943566591422122,
    "h5_coverage_90pct": 0.40857787810383744,
    "h5_mean_ci_width_f": 4.537545204162598,
    "h5_calibration_error": 0.4914221218961626
  },
  "calibration_pass": false
}