{
  "schema_version": "1.1.0",
  "n_mc_samples": 200,
  "ci_lower_pct": 5.0,
  "ci_upper_pct": 95.0,
  "ci_target_coverage": 0.9,
  "calibration_results": {
    "h1_coverage_90pct": 0.5282167042889391,
    "h1_mean_ci_width_f": 4.840785026550293,
    "h1_calibration_error": 0.37178329571106095,
    "h3_coverage_90pct": 0.5033860045146726,
    "h3_mean_ci_width_f": 5.713926792144775,
    "h3_calibration_error": 0.3966139954853274,
    "h5_coverage_90pct": 0.4198645598194131,
    "h5_mean_ci_width_f": 4.527190685272217,
    "h5_calibration_error": 0.4801354401805869
  },
  "calibration_pass": false
}