{
  "schema_version": "1.1.0",
  "n_mc_samples": 200,
  "ci_lower_pct": 5.0,
  "ci_upper_pct": 95.0,
  "ci_target_coverage": 0.9,
  "interval_method": "split_conformal_on_validation_residuals",
  "conformal_alpha": 0.1,
  "min_validation_coverage": 0.85,
  "min_test_coverage": 0.8,
  "conformal_quantile_f_by_horizon": {
    "h1": 6.293739318847656,
    "h3": 7.981208801269531,
    "h5": 7.624431610107422
  },
  "raw_mc_dropout_calibration_results": {
    "h1_coverage_90pct": 0.5643340857787811,
    "h1_mean_ci_width_f": 4.8205132484436035,
    "h1_calibration_error": 0.33566591422121894,
    "h3_coverage_90pct": 0.6501128668171557,
    "h3_mean_ci_width_f": 7.33372163772583,
    "h3_calibration_error": 0.24988713318284428,
    "h5_coverage_90pct": 0.6478555304740407,
    "h5_mean_ci_width_f": 7.491408348083496,
    "h5_calibration_error": 0.25214446952595937
  },
  "calibration_results": {
    "h1_coverage_90pct": 0.9029345372460497,
    "h1_mean_ci_width_f": 12.587478637695312,
    "h1_calibration_error": 0.00293453724604964,
    "h3_coverage_90pct": 0.9029345372460497,
    "h3_mean_ci_width_f": 15.962417602539062,
    "h3_calibration_error": 0.00293453724604964,
    "h5_coverage_90pct": 0.9029345372460497,
    "h5_mean_ci_width_f": 15.248863220214844,
    "h5_calibration_error": 0.00293453724604964
  },
  "test_coverage_results": {
    "h1_coverage_90pct": 0.8893905191873589,
    "h1_mean_ci_width_f": 12.587478637695312,
    "h1_calibration_error": 0.010609480812641126,
    "h3_coverage_90pct": 0.8532731376975169,
    "h3_mean_ci_width_f": 15.962417602539062,
    "h3_calibration_error": 0.04672686230248313,
    "h5_coverage_90pct": 0.8261851015801355,
    "h5_mean_ci_width_f": 15.248863220214844,
    "h5_calibration_error": 0.07381489841986455
  },
  "validation_calibration_pass": true,
  "test_calibration_pass": true,
  "calibration_pass": true,
  "interval_status": "CONFORMAL_CALIBRATED",
  "intervals_publishable": true
}