{
  "schema_version": "1.1.0",
  "n_mc_samples": 200,
  "ci_lower_pct": 5.0,
  "ci_upper_pct": 95.0,
  "ci_target_coverage": 0.9,
  "interval_method": "split_conformal_on_validation_residuals",
  "conformal_alpha": 0.1,
  "min_validation_coverage": 0.85,
  "min_test_coverage": 0.8,
  "conformal_quantile_f_by_horizon": {
    "h1": 6.373344421386719,
    "h3": 8.092849731445312,
    "h5": 7.631683349609375
  },
  "raw_mc_dropout_calibration_results": {
    "h1_coverage_90pct": 0.5440180586907449,
    "h1_mean_ci_width_f": 4.832437992095947,
    "h1_calibration_error": 0.3559819413092551,
    "h3_coverage_90pct": 0.6455981941309256,
    "h3_mean_ci_width_f": 7.321516036987305,
    "h3_calibration_error": 0.25440180586907446,
    "h5_coverage_90pct": 0.6410835214446953,
    "h5_mean_ci_width_f": 7.4606099128723145,
    "h5_calibration_error": 0.25891647855530475
  },
  "calibration_results": {
    "h1_coverage_90pct": 0.9029345372460497,
    "h1_mean_ci_width_f": 12.746688842773438,
    "h1_calibration_error": 0.00293453724604964,
    "h3_coverage_90pct": 0.9029345372460497,
    "h3_mean_ci_width_f": 16.185699462890625,
    "h3_calibration_error": 0.00293453724604964,
    "h5_coverage_90pct": 0.9029345372460497,
    "h5_mean_ci_width_f": 15.26336669921875,
    "h5_calibration_error": 0.00293453724604964
  },
  "test_coverage_results": {
    "h1_coverage_90pct": 0.891647855530474,
    "h1_mean_ci_width_f": 12.746688842773438,
    "h1_calibration_error": 0.008352144469526035,
    "h3_coverage_90pct": 0.8555304740406321,
    "h3_mean_ci_width_f": 16.185699462890625,
    "h3_calibration_error": 0.04446952595936793,
    "h5_coverage_90pct": 0.8261851015801355,
    "h5_mean_ci_width_f": 15.26336669921875,
    "h5_calibration_error": 0.07381489841986455
  },
  "validation_calibration_pass": true,
  "test_calibration_pass": true,
  "calibration_pass": true,
  "interval_status": "CONFORMAL_CALIBRATED",
  "intervals_publishable": true
}