{
  "schema_version": "1.1.0",
  "n_mc_samples": 200,
  "ci_lower_pct": 5.0,
  "ci_upper_pct": 95.0,
  "ci_target_coverage": 0.9,
  "calibration_results": {
    "h1_coverage_90pct": 0.5372460496613995,
    "h1_mean_ci_width_f": 4.849154949188232,
    "h1_calibration_error": 0.3627539503386005,
    "h3_coverage_90pct": 0.49209932279909707,
    "h3_mean_ci_width_f": 5.7243971824646,
    "h3_calibration_error": 0.40790067720090295,
    "h5_coverage_90pct": 0.4221218961625282,
    "h5_mean_ci_width_f": 4.533505439758301,
    "h5_calibration_error": 0.4778781038374718
  },
  "calibration_pass": false
}