{
  "schema_version": "1.1.0",
  "n_mc_samples": 200,
  "ci_lower_pct": 5.0,
  "ci_upper_pct": 95.0,
  "ci_target_coverage": 0.9,
  "calibration_results": {
    "h1_coverage_90pct": 0.5327313769751693,
    "h1_mean_ci_width_f": 4.854024887084961,
    "h1_calibration_error": 0.36726862302483076,
    "h3_coverage_90pct": 0.4898419864559819,
    "h3_mean_ci_width_f": 5.68646764755249,
    "h3_calibration_error": 0.4101580135440181,
    "h5_coverage_90pct": 0.42663656884875845,
    "h5_mean_ci_width_f": 4.541787624359131,
    "h5_calibration_error": 0.4733634311512416
  },
  "calibration_pass": false
}