{
  "schema_version": "1.1.0",
  "n_mc_samples": 200,
  "ci_lower_pct": 5.0,
  "ci_upper_pct": 95.0,
  "ci_target_coverage": 0.9,
  "calibration_results": {
    "h1_coverage_90pct": 0.6433408577878104,
    "h1_mean_ci_width_f": 5.934184551239014,
    "h1_calibration_error": 0.25665914221218966,
    "h3_coverage_90pct": 0.54627539503386,
    "h3_mean_ci_width_f": 5.547637939453125,
    "h3_calibration_error": 0.35372460496614,
    "h5_coverage_90pct": 0.4650112866817156,
    "h5_mean_ci_width_f": 4.889019012451172,
    "h5_calibration_error": 0.4349887133182844
  },
  "calibration_pass": false
}