{
  "schema_version": "1.1.0",
  "n_mc_samples": 200,
  "ci_lower_pct": 5.0,
  "ci_upper_pct": 95.0,
  "ci_target_coverage": 0.9,
  "calibration_results": {
    "h1_coverage_90pct": 0.7133182844243793,
    "h1_mean_ci_width_f": 8.112533569335938,
    "h1_calibration_error": 0.18668171557562074,
    "h3_coverage_90pct": 0.6139954853273137,
    "h3_mean_ci_width_f": 6.728231430053711,
    "h3_calibration_error": 0.2860045146726863,
    "h5_coverage_90pct": 0.7133182844243793,
    "h5_mean_ci_width_f": 8.88748550415039,
    "h5_calibration_error": 0.18668171557562074
  },
  "calibration_pass": false,
  "interval_status": "UNCALIBRATED"
}