{
  "schema_version": "1.1.0",
  "n_mc_samples": 200,
  "ci_lower_pct": 5.0,
  "ci_upper_pct": 95.0,
  "ci_target_coverage": 0.9,
  "interval_method": "split_conformal_on_validation_residuals",
  "conformal_alpha": 0.1,
  "conformal_quantile_f_by_horizon": {
    "h1": 6.65771484375,
    "h3": 7.204631805419922,
    "h5": 7.420955657958984
  },
  "raw_mc_dropout_calibration_results": {
    "h1_coverage_90pct": 0.7516930022573364,
    "h1_mean_ci_width_f": 8.364209175109863,
    "h1_calibration_error": 0.14830699774266365,
    "h3_coverage_90pct": 0.5936794582392777,
    "h3_mean_ci_width_f": 6.306868553161621,
    "h3_calibration_error": 0.3063205417607223,
    "h5_coverage_90pct": 0.5395033860045146,
    "h5_mean_ci_width_f": 5.801272869110107,
    "h5_calibration_error": 0.3604966139954854
  },
  "calibration_results": {
    "h1_coverage_90pct": 0.9029345372460497,
    "h1_mean_ci_width_f": 13.3154296875,
    "h1_calibration_error": 0.00293453724604964,
    "h3_coverage_90pct": 0.9029345372460497,
    "h3_mean_ci_width_f": 14.409263610839844,
    "h3_calibration_error": 0.00293453724604964,
    "h5_coverage_90pct": 0.9029345372460497,
    "h5_mean_ci_width_f": 14.841911315917969,
    "h5_calibration_error": 0.00293453724604964
  },
  "test_coverage_results": {
    "h1_coverage_90pct": 0.8668171557562077,
    "h1_mean_ci_width_f": 13.3154296875,
    "h1_calibration_error": 0.033182844243792364,
    "h3_coverage_90pct": 0.835214446952596,
    "h3_mean_ci_width_f": 14.409263610839844,
    "h3_calibration_error": 0.06478555304740408,
    "h5_coverage_90pct": 0.8103837471783296,
    "h5_mean_ci_width_f": 14.841911315917969,
    "h5_calibration_error": 0.0896162528216704
  },
  "calibration_pass": true,
  "interval_status": "CONFORMAL_CALIBRATED",
  "intervals_publishable": true
}